seed,K,BPR_HR,FairIR_HR,RealGate_HR,RandomGate_HR,FairIR_HR_change_pct,RealGate_HR_change_pct,RandomGate_HR_change_pct,RealGate_DP,RandomGate_DP
0,10,0.0946,0.094,0.09446666666666667,0.09626666666666667,-0.6342494714587772,-0.14094432699083775,1.7618040873854792,0.05210224267452062,0.05184836569597857
0,20,0.14833333333333334,0.14893333333333333,0.14813333333333334,0.15353333333333333,0.40449438202246474,-0.13483146067416116,3.5056179775280776,0.07121856084264451,0.07101377095558911
0,30,0.18953333333333333,0.18706666666666666,0.19053333333333333,0.19166666666666668,-1.3014421385860038,0.5276116778051358,1.12557157931763,0.0848498439393179,0.08502125548536353
0,40,0.2228,0.22246666666666667,0.22506666666666666,0.2238,-0.14961101137043284,1.0173548773189707,0.448833034111311,0.09573516852921732,0.09591539130065357
1,10,0.09606666666666666,0.09573333333333334,0.10026666666666667,0.09393333333333333,-0.34698126301178805,4.371963913948656,-2.2206800832755045,0.04918038734642236,0.04851431801600525
1,20,0.14826666666666666,0.149,0.15506666666666666,0.1456,0.4946043165467643,4.586330935251799,-1.798561151079126,0.06762079043806328,0.06806509010086534
1,30,0.18993333333333334,0.19146666666666667,0.19413333333333332,0.1882,0.8073008073008061,2.2113022113022014,-0.9126009126009144,0.08090939405686708,0.08194987929356132
1,40,0.22173333333333334,0.22473333333333334,0.22526666666666667,0.22206666666666666,1.3529765484064953,1.5935057125676486,0.15033072760071753,0.0925016438740924,0.09317664966156856
2,10,0.09273333333333333,0.09573333333333334,0.09853333333333333,0.09533333333333334,3.235082674335014,6.2544931703810205,2.803738317757015,0.05105408447707212,0.051593280395281715
2,20,0.14666666666666667,0.14606666666666668,0.1536,0.1476,-0.4090909090909019,4.727272727272718,0.6363636363636419,0.07074859136599752,0.07069597905689047
2,30,0.18893333333333334,0.19033333333333333,0.19666666666666666,0.19033333333333333,0.741002117148898,4.093154551870138,0.741002117148898,0.08510422230440842,0.08514962853424676
2,40,0.22093333333333334,0.22566666666666665,0.22886666666666666,0.22446666666666668,2.1424260712130256,3.590826795413392,1.5992757996378997,0.097171910775353,0.09736808325665065
