seed,K,BPR_HR,FairIR_HR_change_pct,RealGate_HR_change_pct,RandomGate_HR_change_pct,FairIR_DP,RealGate_DP,RandomGate_DP
0,10,0.06658936557892993,-2.2388059701492553,6.467661691542302,2.7363184079602036,0.2954982103182764,0.2947477105651349,0.2969375141544174
0,20,0.11545469604108001,-0.2869440459110489,2.295552367288379,4.160688665710179,0.36017015817212444,0.3651519074330829,0.35827707606408754
0,30,0.16117276793109162,-1.1305241521068876,0.8221993833504496,-0.7194244604316714,0.4018321808478733,0.4074666103630758,0.4005280546239374
0,40,0.19496438628457843,1.1045029736618475,0.7646559048428142,0.5097706032285427,0.43880014153918273,0.43890190273025664,0.4328543153311554
1,10,0.07222130197117774,-2.2935779816513695,-5.504587155963294,-5.963302752293571,0.2938551533860923,0.3000247509268558,0.3006470324520047
1,20,0.12241179393738612,-3.247631935047356,-3.1123139377537212,-3.6535859269282844,0.3562229585168252,0.36450652620474205,0.36289199047982373
1,30,0.16017889680304787,1.0341261633919308,-0.10341261633919827,-0.20682523267837924,0.400891182982322,0.4051904875798224,0.4069860780911046
1,40,0.19595825741262216,0.2535925612848668,1.944209636517336,0.2535925612848668,0.4333032434623039,0.43477936369845094,0.4386327051753678
2,10,0.06476726851084975,4.60358056265985,3.3248081841432295,3.3248081841432295,0.2914654354292842,0.2934932854688583,0.3000143153902532
2,20,0.11810501904919662,-2.384291725105196,2.1037868162692783,-4.067321178120621,0.3531136703590076,0.3656713140768601,0.36610478306661265
2,30,0.16183534868312074,-3.0706243602865824,2.9682702149437086,-4.7082906857727735,0.3965649724091774,0.40842691551683125,0.40375056481909066
2,40,0.1997680967367898,-2.8192371475953646,1.4096185737976754,-4.726368159203981,0.42703691756744533,0.43864625628450093,0.43084488738255183
