dataset,target_attribute,model,K,HR,NDCG,DP,EO
ml-1m,age_50plus_vs_rest,BPR,10,0.06393904257081331,0.03174441521968631,0.19807352035984552,0.030514023332718007
ml-1m,age_50plus_vs_rest,BPR,20,0.10932582408481034,0.043144857400043236,0.25022953465503645,0.046478384975189545
ml-1m,age_50plus_vs_rest,BPR,30,0.15057147589862516,0.051877182919365696,0.2820457164617844,0.062417626481453256
ml-1m,age_50plus_vs_rest,BPR,40,0.18022196455192976,0.057585377814064094,0.30216545503502623,0.07223959389873319
ml-1m,age_50plus_vs_rest,FairIR,10,0.06261388106675501,0.029405896931253943,0.1932111706268025,0.03177277403855383
ml-1m,age_50plus_vs_rest,FairIR,20,0.10568162994864999,0.040156964342626555,0.2401620535060353,0.0451424214500175
ml-1m,age_50plus_vs_rest,FairIR,30,0.1439456683783336,0.04828214065196807,0.2806012618228286,0.06336297955341734
ml-1m,age_50plus_vs_rest,FairIR,40,0.17889680304787145,0.0550317614446258,0.31119897088938253,0.07994163776576656
ml-1m,age_50plus_vs_rest,AIR-Fair,10,0.05499420241841974,0.026614502626378808,0.19922623803761616,0.030704266799653157
ml-1m,age_50plus_vs_rest,AIR-Fair,20,0.10071227430843134,0.03804358152894317,0.24756702849341697,0.04901545585309197
ml-1m,age_50plus_vs_rest,AIR-Fair,30,0.14112970018220972,0.04665293672065505,0.28242569809509077,0.06393771116484061
ml-1m,age_50plus_vs_rest,AIR-Fair,40,0.17624648003975485,0.05342992323941311,0.3071836124256828,0.07874987915475738
