dataset,target_attribute,gate_mode,model,K,HR,NDCG,DP,EO
ml-1m,age_50plus_vs_rest,inverted,BPR,10,0.06393904257081331,0.03174441521968631,0.19807352035984552,0.030514023332718007
ml-1m,age_50plus_vs_rest,inverted,BPR,20,0.10932582408481034,0.043144857400043236,0.25022953465503645,0.046478384975189545
ml-1m,age_50plus_vs_rest,inverted,BPR,30,0.15057147589862516,0.051877182919365696,0.2820457164617844,0.062417626481453256
ml-1m,age_50plus_vs_rest,inverted,BPR,40,0.18022196455192976,0.057585377814064094,0.30216545503502623,0.07223959389873319
ml-1m,age_50plus_vs_rest,inverted,FairIR,10,0.06261388106675501,0.029405896931253943,0.1932111706268025,0.03177277403855383
ml-1m,age_50plus_vs_rest,inverted,FairIR,20,0.10568162994864999,0.040156964342626555,0.2401620535060353,0.0451424214500175
ml-1m,age_50plus_vs_rest,inverted,FairIR,30,0.1439456683783336,0.04828214065196807,0.2806012618228286,0.06336297955341734
ml-1m,age_50plus_vs_rest,inverted,FairIR,40,0.17889680304787145,0.0550317614446258,0.31119897088938253,0.07994163776576656
ml-1m,age_50plus_vs_rest,inverted,AIR-Fair,10,0.06095742918668213,0.028862833725473006,0.19366323892896956,0.028757552476771274
ml-1m,age_50plus_vs_rest,inverted,AIR-Fair,20,0.10551598476064271,0.040056871049427796,0.23872728632259912,0.04473507649129977
ml-1m,age_50plus_vs_rest,inverted,AIR-Fair,30,0.1441113135663409,0.04824770832871523,0.2765882595471456,0.0630084986724717
ml-1m,age_50plus_vs_rest,inverted,AIR-Fair,40,0.18204406162000994,0.055555571316517484,0.3110424943682433,0.07864492560420121
