seed,K,BPR_HR,FairIR_HR,AIRFair_HR,FairIR_HR_change_pct,AIRFair_HR_change_pct,BPR_DP,FairIR_DP,AIRFair_DP,FairIR_DP_reduction_pct,AIRFair_DP_reduction_pct
0,10,0.0665893655789299,0.0642703329468279,0.0664237203909226,-3.482587064676615,-0.2487562189054635,0.2042128078772455,0.2025182278739091,0.1987528988942265,0.8298108335864248,2.673636898573469
0,20,0.11545469604108,0.1142951797250289,0.1192645353652476,-1.0043041606886651,3.2998565279770444,0.2333154043506349,0.2336091010343658,0.2327439632523061,-0.1258796797186888,0.244922147304971
0,30,0.1611727679310916,0.1583567997349677,0.1658108331952957,-1.7471736896197465,2.877697841726617,0.2606013638254163,0.2523262094474806,0.2544698299375922,3.175407164591599,2.352840291323951
0,40,0.1949643862845784,0.1981116448567169,0.2054000331290376,1.6142735768904042,5.352591333899742,0.272519895224004,0.2695251394275915,0.2612134977846517,1.0989127211981509,4.148833768653364
1,10,0.0722213019711777,0.0695709789630611,0.0624482358787477,-3.669724770642202,-13.532110091743116,0.2057627973345521,0.1956449744335072,0.1980678966717127,4.917226550236952,3.739694814864002
1,20,0.1224117939373861,0.118933244989233,0.11545469604108,-2.8416779431664394,-5.683355886332879,0.2416999004942281,0.2295686269030254,0.2326725571042899,5.0191471185535095,3.734938811095546
1,30,0.1601788968030478,0.1603445419910551,0.1601788968030478,0.1034126163391982,0.0,0.2684218323482948,0.2517346474756804,0.2472900118022082,6.216776305647796,7.872616158385608
1,40,0.1959582574126221,0.1957926122246149,0.1951300314725857,-0.0845308537616128,-0.4226542688081066,0.2791191331446419,0.2661193158442442,0.2675455206636665,4.657443993157237,4.1464776529589935
2,10,0.0647672685108497,0.0677488818949809,0.0636077521947987,4.60358056265985,-1.790281329923273,0.2033406147127655,0.1956549252379092,0.1949177506757003,3.7797119309946496,4.142243815365237
2,20,0.1181050190491966,0.1147921152890508,0.1174424382971674,-2.8050490883590498,-0.5610098176718122,0.2383303987206275,0.2283852340662811,0.2343133804991728,4.172847738992877,1.6854829442733223
2,30,0.1618353486831207,0.1553751863508365,0.1668047043233394,-3.991811668372569,3.0706243602866,0.2738242562611946,0.2473016454840029,0.2564161583693106,9.685997558920583,6.357398036819241
2,40,0.1997680967367898,0.1941361603445419,0.2029153553089282,-2.8192371475953646,1.5754560530679844,0.2847355917532239,0.2596398100675924,0.2709813977666041,8.81371434147285,4.830514479040037
3,10,0.0717243664071558,0.0725525923471923,0.0694053337750538,1.154734411085447,-3.233256351039259,0.2000630290060035,0.198593260058044,0.1975607456235199,0.734652951753189,1.2507475243756696
3,20,0.1197614709292695,0.1176080834851747,0.1232400198774225,-1.798063623789769,2.904564315352696,0.2348352146527139,0.2346122356243451,0.2337624119552369,0.0949512741087828,0.4568321233523693
3,30,0.1568659930429021,0.1563690574788802,0.1595163160510187,-0.3167898627243901,1.6895459345300865,0.2653376964604762,0.25681245554308,0.2558023790018076,3.2129776624732607,3.5936535162047707
3,40,0.1951300314725857,0.1934735795925128,0.1962895477886367,-0.848896434634972,0.5942275042444818,0.2814268274424376,0.2717297631532592,0.2706099377433573,3.4456787141807914,3.84358868604764
4,10,0.0664237203909226,0.0634421070067914,0.0687427530230246,-4.488778054862846,3.4912718204488757,0.1987094334101546,0.2007739724382607,0.1978538252486139,-1.0389738386725955,0.4305825580885487
4,20,0.118933244989233,0.1162829219811164,0.1190988901772403,-2.22841225626741,0.139275766016708,0.2405570187690208,0.2276303749447156,0.2316726091099344,5.373629873887471,3.693265615175037
4,30,0.1573629286069239,0.1616697034951134,0.1668047043233394,2.736842105263164,6.000000000000001,0.2663574739329659,0.2503307619065391,0.2529420334908978,6.016993549976445,5.036630001020474
4,40,0.1982772900447242,0.2009276130528408,0.2072221301971177,1.3366750208855545,4.511278195488725,0.2808761213755437,0.2635722985860486,0.2660752294826448,6.160659975206341,5.269544388613036
