dataset,model,K,HR,NDCG,DP,EO
ml-1m,BPR,10,0.06393904257081331,0.03174441521968631,0.1673450711518669,0.02619081350158778
ml-1m,BPR,20,0.10932582408481034,0.043144857400043236,0.20985088393918344,0.040765296844072894
ml-1m,BPR,30,0.15057147589862516,0.051877182919365696,0.23169997386346974,0.054148431237765415
ml-1m,BPR,40,0.18022196455192976,0.057585377814064094,0.2448024295745861,0.06305624591829002
ml-1m,GCCF,10,0.03909226436972006,0.018807146498524187,0.026191601674405308,0.005187011732748205
ml-1m,GCCF,20,0.07470597979128707,0.02775248575921875,0.04073735221744464,0.00863762079508622
ml-1m,GCCF,30,0.0997184031803876,0.03307413887478832,0.0538152371237123,0.012933472767348854
ml-1m,GCCF,40,0.12340566506542985,0.037656236467696044,0.06710452476664507,0.013929021565132052
ml-1m,FairIR_BPR,10,0.06145436475070399,0.028980188366266205,0.16201413367135406,0.0265947673108726
ml-1m,FairIR_BPR,20,0.10518469438462813,0.039946957420306586,0.196750719730279,0.03829011799068557
ml-1m,FairIR_BPR,30,0.14444260394235547,0.04827838311347012,0.22547884449845132,0.05704238050507848
ml-1m,FairIR_BPR,40,0.18105019049196622,0.055331369449451766,0.24577875115354317,0.06972307339672981
ml-1m,FairIR_GCCF,10,0.03942355474573463,0.01901002260943687,0.02530727825411432,0.005626723607501121
ml-1m,FairIR_GCCF,20,0.0728838827232069,0.027440565092401357,0.041796452783270745,0.009183367565154052
ml-1m,FairIR_GCCF,30,0.09756501573629286,0.03269735852046699,0.05531957826863217,0.012262291258352457
ml-1m,FairIR_GCCF,40,0.12158356799734968,0.03733942561044562,0.06830251321090236,0.014873336237156882
