seed,K,BPR_HR,FairIR_HR,BPR_DP,FairIR_DP,DP_reduction_pct,BPR_EO,FairIR_EO
0,10,0.121232196091421,0.11990725405763498,0.147966817827309,0.1510977400556845,-2.1159623991032706,0.03737314251841149,0.039733487721558255
0,20,0.19542894998343824,0.19360715468698245,0.18347919819138203,0.18307206016167574,0.22189874041286142,0.054856743196885514,0.06257370535541094
0,30,0.2459423650215303,0.25107651540245113,0.21031188097993572,0.20951365364791874,0.3795445736577929,0.0639647008267836,0.07155731864561221
0,40,0.2939715137462736,0.29662139781384567,0.2301963203428758,0.23090584783588622,-0.3082271219425182,0.07382575763394057,0.08200452113668388
1,10,0.12835375952302086,0.12371646240476979,0.14630487202788925,0.14477373967608304,1.046535450654263,0.033949236214792095,0.04095079884784231
1,20,0.20437230871149387,0.20768466379595893,0.18688769660544308,0.18381755345328654,1.6427743548245526,0.0535427025941876,0.05774806345462429
1,30,0.26134481616429284,0.26813514408744615,0.219161107034223,0.20913348066245954,4.5754588975486445,0.06422079231778058,0.06927046608373662
1,40,0.3108645246770454,0.31384564425306394,0.24271501739322843,0.22927083796226136,5.539080183565993,0.07677503610396785,0.0848912258090126
2,10,0.13150049685326268,0.1338191454123882,0.1436335580056803,0.15089962582920094,-5.058753625829748,0.037638102907774376,0.03863924481559799
2,20,0.19708512752567076,0.21000331235508446,0.18828865259519542,0.1870214065625309,0.6730336720763416,0.05276326993397675,0.05495229672383115
2,30,0.24975157336866513,0.26465717124875787,0.22011330813140645,0.21436923195271643,2.6095996772993115,0.06420072852559522,0.06999324335846646
2,40,0.2979463398476317,0.3150049685326267,0.2333280271041771,0.23010138581970174,1.3828777127724652,0.07774865247790956,0.0863262850850669
