seed,K,BPR_HR,FairIR_HR,HR_change_pct,BPR_DP,FairIR_DP,DP_reduction_pct,BPR_EO,FairIR_EO
0,10,0.06658936557892993,0.0642703329468279,-3.482587064676615,0.20421280787724555,0.20251822787390913,0.8298108335864248,0.037383580661248354,0.03653190735532021
0,20,0.11545469604108001,0.11429517972502899,-1.0043041606886651,0.23331540435063494,0.23360910103436588,-0.1258796797186888,0.05713751672903728,0.05664890165897475
0,30,0.16117276793109162,0.1583567997349677,-1.7471736896197465,0.2606013638254163,0.25232620944748063,3.175407164591599,0.07622636505896858,0.0765582775560132
0,40,0.19496438628457843,0.19811164485671692,1.6142735768904042,0.272519895224004,0.26952513942759154,1.0989127211981509,0.08744181307207444,0.0927982768342791
1,10,0.07222130197117774,0.06957097896306112,-3.669724770642202,0.20576279733455213,0.19564497443350728,4.917226550236952,0.034517827781343206,0.03430425573750912
1,20,0.12241179393738612,0.11893324498923306,-2.8416779431664394,0.24169990049422815,0.2295686269030254,5.0191471185535095,0.05545456085571517,0.05538208242125925
1,30,0.16017889680304787,0.16034454199105516,0.10341261633919827,0.26842183234829486,0.2517346474756804,6.216776305647796,0.07015188432409872,0.06796319383355896
1,40,0.19595825741262216,0.1957926122246149,-0.08453085376161283,0.27911913314464193,0.26611931584424425,4.657443993157237,0.08462154116594033,0.08278310416872468
2,10,0.06476726851084975,0.06774888189498095,4.60358056265985,0.20334061471276554,0.19565492523790928,3.7797119309946496,0.03765946369501177,0.037161500846754174
2,20,0.11810501904919662,0.11479211528905085,-2.8050490883590498,0.23833039872062758,0.22838523406628117,4.172847738992877,0.05594829895707337,0.05440510593304528
2,30,0.16183534868312074,0.1553751863508365,-3.991811668372569,0.27382425626119467,0.2473016454840029,9.685997558920583,0.06821004623993734,0.07165064651836967
2,40,0.1997680967367898,0.19413616034454198,-2.8192371475953646,0.28473559175322394,0.25963981006759246,8.81371434147285,0.08170897520200367,0.08400981966276111
